CREATE TABLE TB_REGIAO (
    COD_SEQ_REGIAO INTEGER NOT NULL UNIQUE AUTO_INCREMENT,
    NO_REGIAO VARCHAR(20) UNIQUE NULL,
    NU_POPULACAO VARCHAR(60) NULL,
    NU_ESTADOS INTEGER NULL,
    NU_DESIDADE_DEMOGRAFICA VARCHAR(50) NULL,
    PIB VARCHAR(40),
    TAM_TERRITORIO VARCHAR(40) NULL,
    PRIMARY KEY (COD_SEQ_REGIAO)
);


CREATE TABLE TB_ESTADO (
    COD_SEQ_ESTADO INTEGER NOT NULL UNIQUE AUTO_INCREMENT,
    SG_UF VARCHAR(2) NOT NULL UNIQUE,
    NO_ESTADO VARCHAR(40) NULL,
    NU_POPULACAO VARCHAR(60) NULL,
    NU_MUNICIPIOS INTEGER NULL,
    PIB VARCHAR(40),
    NU_DESIDADE_DEMOGRAFICA VARCHAR(50) NULL,
    TAM_TERRITORIO VARCHAR(40) NULL,
    COD_REGIAO INTEGER NULL,
    PRIMARY KEY (COD_SEQ_ESTADO)
);

CREATE TABLE TB_MUNICIPIO (
    COD_SEQ_MUNICIPIOS INTEGER NOT NULL UNIQUE AUTO_INCREMENT,
    SG_UF VARCHAR(2) NULL,
    NO_MUNICIPIO VARCHAR(70) NULL,
    TAM_TERRITORIO VARCHAR(40) NULL,
    COD_ESTADO INTEGER NOT NULL,
    PRIMARY KEY (COD_SEQ_MUNICIPIOS)
);



INSERT INTO TB_REGIAO ( NO_REGIAO, NU_POPULACAO, NU_ESTADOS, NU_DESIDADE_DEMOGRAFICA, PIB, TAM_TERRITORIO )
VALUES ( 'NORTE', '55.794.694', 7, '4,4 hab./km', 'R$ 223,538 bilhes', '3.853.397,2 km');
INSERT INTO TB_REGIAO ( NO_REGIAO, NU_POPULACAO, NU_ESTADOS, NU_DESIDADE_DEMOGRAFICA, PIB, TAM_TERRITORIO )
VALUES ( 'NORDESTE', '16.983.485', 9, '35,9 hab./km', 'R$ 555,325 bilhes', '1.554.257,0 km');
INSERT INTO TB_REGIAO ( NO_REGIAO, NU_POPULACAO, NU_ESTADOS, NU_DESIDADE_DEMOGRAFICA, PIB, TAM_TERRITORIO )
VALUES ( 'CENTRO-OESTE', '14.993.194', 4, '9,3 hab./km', 'R$ 339,458 bilhes', '1.604.850 km');
INSERT INTO TB_REGIAO ( NO_REGIAO, NU_POPULACAO, NU_ESTADOS, NU_DESIDADE_DEMOGRAFICA, PIB, TAM_TERRITORIO )
VALUES ( 'SUDESTE', '81.465.579', 4, '91,4 hab./km', 'R$ 2,295 trilhes', '1924.511,3 km');
INSERT INTO TB_REGIAO ( NO_REGIAO, NU_POPULACAO, NU_ESTADOS, NU_DESIDADE_DEMOGRAFICA, PIB, TAM_TERRITORIO )
VALUES ( 'SUL', '28.795.762', 3, '49,9 hab./km', 'R$ 672,049 bilhes', '576.409,6 km');


INSERT INTO TB_ESTADO ( SG_UF, NO_ESTADO, NU_POPULACAO, NU_MUNICIPIOS, PIB, NU_DESIDADE_DEMOGRAFICA, TAM_TERRITORIO, COD_REGIAO )
VALUES ( 'AC', 'Acre', '680.073 hab', 22, 'R$4.835.747', '4,5 hab./km', '152.581,388 km', 1 );
INSERT INTO TB_ESTADO ( SG_UF, NO_ESTADO, NU_POPULACAO, NU_MUNICIPIOS, PIB, NU_DESIDADE_DEMOGRAFICA, TAM_TERRITORIO, COD_REGIAO )
VALUES ( 'AL', 'Alagoas', '3.127.557 hab', 102, 'R$15.753.000.000', '109,37 hab./km', '27.767,661 km', 2 );
INSERT INTO TB_ESTADO ( SG_UF, NO_ESTADO, NU_POPULACAO, NU_MUNICIPIOS, PIB, NU_DESIDADE_DEMOGRAFICA, TAM_TERRITORIO, COD_REGIAO )
VALUES ( 'AP', 'Amap', '613.164 hab', 16, 'R$4.366.535', '4,3 hab./km', '142.814,585 km', 1 );
INSERT INTO TB_ESTADO ( SG_UF, NO_ESTADO, NU_POPULACAO, NU_MUNICIPIOS, PIB, NU_DESIDADE_DEMOGRAFICA, TAM_TERRITORIO, COD_REGIAO )
VALUES ( 'AM', 'Amazonas', '3.393.369 hab', 62, 'R$39.766.086', '2,05 hab./km', '1.570.745,680 km', 1 );
INSERT INTO TB_ESTADO ( SG_UF, NO_ESTADO, NU_POPULACAO, NU_MUNICIPIOS, PIB, NU_DESIDADE_DEMOGRAFICA, TAM_TERRITORIO, COD_REGIAO )
VALUES ( 'BA', 'Bahia', '14.080.654 hab', 417, 'R$90.943.000.000', '24,93 hab./km', '567.692,669 km', 2 );
INSERT INTO TB_ESTADO ( SG_UF, NO_ESTADO, NU_POPULACAO, NU_MUNICIPIOS, PIB, NU_DESIDADE_DEMOGRAFICA, TAM_TERRITORIO, COD_REGIAO )
VALUES ( 'CE', 'Cear', '8.450.527 hab', 184, 'R$56,93 bilhes', '56,78 hab./km', '148.825,602 km', 2 );
INSERT INTO TB_ESTADO ( SG_UF, NO_ESTADO, NU_POPULACAO, NU_MUNICIPIOS, PIB, NU_DESIDADE_DEMOGRAFICA, TAM_TERRITORIO, COD_REGIAO )
VALUES ( 'DF', 'Distrito Federal', '2.606.885 hab', 0, 'R$90.943.000.000', '24,93 hab./km', '567.692,669 km', 3 );
INSERT INTO TB_ESTADO ( SG_UF, NO_ESTADO, NU_POPULACAO, NU_MUNICIPIOS, PIB, NU_DESIDADE_DEMOGRAFICA, TAM_TERRITORIO, COD_REGIAO )
VALUES ( 'ES', 'Esprito Santo', '3.351.669 hab', 78, 'R$52.782.914', '72,7 hab./km', '46.077,519 km', 4 );
INSERT INTO TB_ESTADO ( SG_UF, NO_ESTADO, NU_POPULACAO, NU_MUNICIPIOS, PIB, NU_DESIDADE_DEMOGRAFICA, TAM_TERRITORIO, COD_REGIAO )
VALUES ( 'GO', 'Gois', '5.884.996 hab', 246, 'R$57.091.081.000,00', '17,31 hab./km', '340.086,698 km', 3 );
INSERT INTO TB_ESTADO ( SG_UF, NO_ESTADO, NU_POPULACAO, NU_MUNICIPIOS, PIB, NU_DESIDADE_DEMOGRAFICA, TAM_TERRITORIO, COD_REGIAO )
VALUES ( 'MA', 'Maranho', '6.305.539 hab', 217, 'R$28.621.860', '18,43 hab./km', '331.983,293 km', 2 );
INSERT INTO TB_ESTADO ( SG_UF, NO_ESTADO, NU_POPULACAO, NU_MUNICIPIOS, PIB, NU_DESIDADE_DEMOGRAFICA, TAM_TERRITORIO, COD_REGIAO )
VALUES ( 'MT', 'Mato Grosso', '2.854.456 hab', 141, 'R$37,466 bilhes', ' 2,6 hab./km', '903.357,908 km', 3 );
INSERT INTO TB_ESTADO ( SG_UF, NO_ESTADO, NU_POPULACAO, NU_MUNICIPIOS, PIB, NU_DESIDADE_DEMOGRAFICA, TAM_TERRITORIO, COD_REGIAO )
VALUES ( 'MS', 'Mato Grosso do Sul', '2.336.058 hab', 78, 'R$24.355.395.000,00', '6,52 hab./km', '358.124,962 km', 3 );
INSERT INTO TB_ESTADO ( SG_UF, NO_ESTADO, NU_POPULACAO, NU_MUNICIPIOS, PIB, NU_DESIDADE_DEMOGRAFICA, TAM_TERRITORIO, COD_REGIAO )
VALUES ( 'MG', 'Minas Gerais', '20.033.665 hab', 853, 'R$192,611 bilhes', '32,73 hab./km', '586.528,293 km', 4 );
INSERT INTO TB_ESTADO ( SG_UF, NO_ESTADO, NU_POPULACAO, NU_MUNICIPIOS, PIB, NU_DESIDADE_DEMOGRAFICA, TAM_TERRITORIO, COD_REGIAO )
VALUES ( 'PA', 'Par', '7.431.020 hab', 143, 'R$44.376.461', '5,66 hab./km', '1.247.689,515 km', 1 );
INSERT INTO TB_ESTADO ( SG_UF, NO_ESTADO, NU_POPULACAO, NU_MUNICIPIOS, PIB, NU_DESIDADE_DEMOGRAFICA, TAM_TERRITORIO, COD_REGIAO )
VALUES ( 'PB', 'Paraba', '3.742.606 hab', 223, 'R$19.953.193.000', '64,52 hab./km', '56.439,838', 2 );
INSERT INTO TB_ESTADO ( SG_UF, NO_ESTADO, NU_POPULACAO, NU_MUNICIPIOS, PIB, NU_DESIDADE_DEMOGRAFICA, TAM_TERRITORIO, COD_REGIAO )
VALUES ( 'PR', 'Paran', '10.686.247 hab', 399, 'R$126.621.933 mil', '51,48 hab./km', '199.314,850 km', 5 );
INSERT INTO TB_ESTADO ( SG_UF, NO_ESTADO, NU_POPULACAO, NU_MUNICIPIOS, PIB, NU_DESIDADE_DEMOGRAFICA, TAM_TERRITORIO, COD_REGIAO )
VALUES ( 'PE', 'Pernambuco', '8.810.256 hab', 185, 'R$55.505.760', '80,65 hab./km', '98.938 km', 2 );
INSERT INTO TB_ESTADO ( SG_UF, NO_ESTADO, NU_POPULACAO, NU_MUNICIPIOS, PIB, NU_DESIDADE_DEMOGRAFICA, TAM_TERRITORIO, COD_REGIAO )
VALUES ( 'PI', 'Piau', '3.145.325 hab', 224, 'R$12.790.892', '12,06 hab./km', '251.529,186 km', 2 );
INSERT INTO TB_ESTADO ( SG_UF, NO_ESTADO, NU_POPULACAO, NU_MUNICIPIOS, PIB, NU_DESIDADE_DEMOGRAFICA, TAM_TERRITORIO, COD_REGIAO )
VALUES ( 'RJ', 'Rio de Janeiro', '16.010.429 hab', 92, 'R$275,363 bilhes', '352,58 hab./km', '43.696,054 km', 4 );
INSERT INTO TB_ESTADO ( SG_UF, NO_ESTADO, NU_POPULACAO, NU_MUNICIPIOS, PIB, NU_DESIDADE_DEMOGRAFICA, TAM_TERRITORIO, COD_REGIAO )
VALUES ( 'RN', 'Rio Grande do Norte', '3.106.430 hab', 167, 'R$20.557.263', '51,98 hab./km', '52.796,791 km', 2 );
INSERT INTO TB_ESTADO ( SG_UF, NO_ESTADO, NU_POPULACAO, NU_MUNICIPIOS, PIB, NU_DESIDADE_DEMOGRAFICA, TAM_TERRITORIO, COD_REGIAO )
VALUES ( 'RS', 'Rio Grande do Sul', '10.855.214 hab', 496, 'R$193,500 bilhes', '38,53 hab./km', '281.748,538 km', 5 );
INSERT INTO TB_ESTADO ( SG_UF, NO_ESTADO, NU_POPULACAO, NU_MUNICIPIOS, PIB, NU_DESIDADE_DEMOGRAFICA, TAM_TERRITORIO, COD_REGIAO )
VALUES ( 'RO', 'Rondnia', '1.503.928 hab', 52, 'R$13.110.169.000,00', '6,33 hab./km', '237.576,167 km', 1 );
INSERT INTO TB_ESTADO ( SG_UF, NO_ESTADO, NU_POPULACAO, NU_MUNICIPIOS, PIB, NU_DESIDADE_DEMOGRAFICA, TAM_TERRITORIO, COD_REGIAO )
VALUES ( 'RR', 'Roraima', '412.783 hab', 15, 'R$3,660 bilhes', '1,84 hab./km', '224.298,980 km', 1 );
INSERT INTO TB_ESTADO ( SG_UF, NO_ESTADO, NU_POPULACAO, NU_MUNICIPIOS, PIB, NU_DESIDADE_DEMOGRAFICA, TAM_TERRITORIO, COD_REGIAO )
VALUES ( 'SC', 'Santa Catarina', '6.118.473 hab', 293, 'R$85.295 bilhes', '64,17 hab./km', '95.346,181 km', 5 );
INSERT INTO TB_ESTADO ( SG_UF, NO_ESTADO, NU_POPULACAO, NU_MUNICIPIOS, PIB, NU_DESIDADE_DEMOGRAFICA, TAM_TERRITORIO, COD_REGIAO )
VALUES ( 'SP', 'So Paulo', '41.252.160 hab', 645, 'R$1,003 trilho', '166,2 hab./km', '248.209,426 km', 4 );
INSERT INTO TB_ESTADO ( SG_UF, NO_ESTADO, NU_POPULACAO, NU_MUNICIPIOS, PIB, NU_DESIDADE_DEMOGRAFICA, TAM_TERRITORIO, COD_REGIAO )
VALUES ( 'SE', 'Sergipe', '2.019.679 hab', 75, 'R$15.126.169', '88,52 hab./km', '21.910,348 km', 2 );
INSERT INTO TB_ESTADO ( SG_UF, NO_ESTADO, NU_POPULACAO, NU_MUNICIPIOS, PIB, NU_DESIDADE_DEMOGRAFICA, TAM_TERRITORIO, COD_REGIAO )
VALUES ( 'TO', 'Tocantins', '1.243.627 hab', 139, 'R$9.607.000.000,00', '4,5 hab./km', '277.620,914 km', 1 );


INSERT INTO	TB_MUNICIPIO ( SG_UF, NO_MUNICIPIO, TAM_TERRITORIO, COD_ESTADO )
VALUES ( 'AC','Vale do Acre', '1 574,55', 1);
INSERT INTO	TB_MUNICIPIO ( SG_UF, NO_MUNICIPIO, TAM_TERRITORIO, COD_ESTADO )
VALUES ( 'AC','Assis Brasil', '2 875,915', 1);
INSERT INTO	TB_MUNICIPIO ( SG_UF, NO_MUNICIPIO, TAM_TERRITORIO, COD_ESTADO )
VALUES ( 'AC','Brasileia', '4 336,189', 1);
INSERT INTO	TB_MUNICIPIO ( SG_UF, NO_MUNICIPIO, TAM_TERRITORIO, COD_ESTADO )
VALUES ( 'AC','Bujari', '3 467,681', 1);
INSERT INTO	TB_MUNICIPIO ( SG_UF, NO_MUNICIPIO, TAM_TERRITORIO, COD_ESTADO )
VALUES ( 'AC','Capixaba', '1 713,412', 1);
INSERT INTO	TB_MUNICIPIO ( SG_UF, NO_MUNICIPIO, TAM_TERRITORIO, COD_ESTADO )
VALUES ( 'AC','Cruzeiro do Sul', '7 924,943', 1);
INSERT INTO	TB_MUNICIPIO ( SG_UF, NO_MUNICIPIO, TAM_TERRITORIO, COD_ESTADO )
VALUES ( 'AC','Epitaciolndia', '1 659,131', 1);
INSERT INTO	TB_MUNICIPIO ( SG_UF, NO_MUNICIPIO, TAM_TERRITORIO, COD_ESTADO )
VALUES ( 'AC','Feij', '24 202,027', 1);
INSERT INTO	TB_MUNICIPIO ( SG_UF, NO_MUNICIPIO, TAM_TERRITORIO, COD_ESTADO )
VALUES ( 'AC','Jordo', '5 428,765', 1);
INSERT INTO	TB_MUNICIPIO ( SG_UF, NO_MUNICIPIO, TAM_TERRITORIO, COD_ESTADO )
VALUES ( 'AC','Manoel', '9 386,961', 1);
INSERT INTO	TB_MUNICIPIO ( SG_UF, NO_MUNICIPIO, TAM_TERRITORIO, COD_ESTADO )
VALUES ( 'AC','Marechal', '7 743,828', 1);
INSERT INTO	TB_MUNICIPIO ( SG_UF, NO_MUNICIPIO, TAM_TERRITORIO, COD_ESTADO )
VALUES ( 'AC','Mncio Lima', '4 672,321', 1);
INSERT INTO	TB_MUNICIPIO ( SG_UF, NO_MUNICIPIO, TAM_TERRITORIO, COD_ESTADO )
VALUES ( 'AC','Plcido de Castro', '2 047,455', 1);
INSERT INTO	TB_MUNICIPIO ( SG_UF, NO_MUNICIPIO, TAM_TERRITORIO, COD_ESTADO )
VALUES ( 'AC','Porto Acre', '2 984,643', 1);
INSERT INTO	TB_MUNICIPIO ( SG_UF, NO_MUNICIPIO, TAM_TERRITORIO, COD_ESTADO )
VALUES ( 'AC','Porto Walter', '6 093,4', 1);
INSERT INTO	TB_MUNICIPIO ( SG_UF, NO_MUNICIPIO, TAM_TERRITORIO, COD_ESTADO )
VALUES ( 'AC','Rio Branco', '9 222,577', 1);
INSERT INTO	TB_MUNICIPIO ( SG_UF, NO_MUNICIPIO, TAM_TERRITORIO, COD_ESTADO )
VALUES ( 'AC','Rodrigues Alves', '3 304,559', 1);
INSERT INTO	TB_MUNICIPIO ( SG_UF, NO_MUNICIPIO, TAM_TERRITORIO, COD_ESTADO )
VALUES ( 'AC','Santa Rosa do Purus', '5 981,137', 1);
INSERT INTO	TB_MUNICIPIO ( SG_UF, NO_MUNICIPIO, TAM_TERRITORIO, COD_ESTADO )
VALUES ( 'AC','Sena Madureira', '25 278,095', 1);
INSERT INTO	TB_MUNICIPIO ( SG_UF, NO_MUNICIPIO, TAM_TERRITORIO, COD_ESTADO )
VALUES ( 'AC','Senador Guiomard', '1 837,294', 1);
INSERT INTO	TB_MUNICIPIO ( SG_UF, NO_MUNICIPIO, TAM_TERRITORIO, COD_ESTADO )
VALUES ( 'AC','Tarauac', '15 553,43', 1);
INSERT INTO	TB_MUNICIPIO ( SG_UF, NO_MUNICIPIO, TAM_TERRITORIO, COD_ESTADO )
VALUES ( 'AC','Xapuri', '5 250,931', 1);

INSERT INTO	TB_MUNICIPIO ( SG_UF, NO_MUNICIPIO, TAM_TERRITORIO, COD_ESTADO ) VALUES ( 'AL', 'Anadia', '189,47', 2 );
INSERT INTO	TB_MUNICIPIO ( SG_UF, NO_MUNICIPIO, TAM_TERRITORIO, COD_ESTADO ) VALUES ( 'AL', 'Arapiraca', '351', 2 );
INSERT INTO	TB_MUNICIPIO ( SG_UF, NO_MUNICIPIO, TAM_TERRITORIO, COD_ESTADO ) VALUES ( 'AL', 'Atalaia', '533', 2 );
INSERT INTO	TB_MUNICIPIO ( SG_UF, NO_MUNICIPIO, TAM_TERRITORIO, COD_ESTADO ) VALUES ( 'AL', 'Barra de Santo Antnio', '138', 2 );
INSERT INTO	TB_MUNICIPIO ( SG_UF, NO_MUNICIPIO, TAM_TERRITORIO, COD_ESTADO ) VALUES ( 'AL', 'Barra de So Miguel', '76,96', 2 );
INSERT INTO	TB_MUNICIPIO ( SG_UF, NO_MUNICIPIO, TAM_TERRITORIO, COD_ESTADO ) VALUES ( 'AL', 'Batalha', '321,2', 2 );
INSERT INTO	TB_MUNICIPIO ( SG_UF, NO_MUNICIPIO, TAM_TERRITORIO, COD_ESTADO ) VALUES ( 'AL', 'Belo Monte', '334,8', 2 );
INSERT INTO	TB_MUNICIPIO ( SG_UF, NO_MUNICIPIO, TAM_TERRITORIO, COD_ESTADO ) VALUES ( 'AL', 'Belm', '48,45', 2 );
INSERT INTO	TB_MUNICIPIO ( SG_UF, NO_MUNICIPIO, TAM_TERRITORIO, COD_ESTADO ) VALUES ( 'AL', 'Boca da Mata', '186,57', 2 );
INSERT INTO	TB_MUNICIPIO ( SG_UF, NO_MUNICIPIO, TAM_TERRITORIO, COD_ESTADO ) VALUES ( 'AL', 'Branquinha', '191', 2 );
INSERT INTO	TB_MUNICIPIO ( SG_UF, NO_MUNICIPIO, TAM_TERRITORIO, COD_ESTADO ) VALUES ( 'AL', 'Cacimbinhas', '273,9', 2 );
INSERT INTO	TB_MUNICIPIO ( SG_UF, NO_MUNICIPIO, TAM_TERRITORIO, COD_ESTADO ) VALUES ( 'AL', 'Cajueiro', '124', 2 );
INSERT INTO	TB_MUNICIPIO ( SG_UF, NO_MUNICIPIO, TAM_TERRITORIO, COD_ESTADO ) VALUES ( 'AL', 'Campestre', '150', 2 );
INSERT INTO	TB_MUNICIPIO ( SG_UF, NO_MUNICIPIO, TAM_TERRITORIO, COD_ESTADO ) VALUES ( 'AL', 'Campo Alegre', '308,06', 2 );
INSERT INTO	TB_MUNICIPIO ( SG_UF, NO_MUNICIPIO, TAM_TERRITORIO, COD_ESTADO ) VALUES ( 'AL', 'Campo Grande', '166', 2 );
INSERT INTO	TB_MUNICIPIO ( SG_UF, NO_MUNICIPIO, TAM_TERRITORIO, COD_ESTADO ) VALUES ( 'AL', 'Canapi', '572', 2 );
INSERT INTO	TB_MUNICIPIO ( SG_UF, NO_MUNICIPIO, TAM_TERRITORIO, COD_ESTADO ) VALUES ( 'AL', 'Capela', '205', 2 );
INSERT INTO	TB_MUNICIPIO ( SG_UF, NO_MUNICIPIO, TAM_TERRITORIO, COD_ESTADO ) VALUES ( 'AL', 'Carneiros', '86', 2 );
INSERT INTO	TB_MUNICIPIO ( SG_UF, NO_MUNICIPIO, TAM_TERRITORIO, COD_ESTADO ) VALUES ( 'AL', 'Ch Preta', '201', 2 );
INSERT INTO	TB_MUNICIPIO ( SG_UF, NO_MUNICIPIO, TAM_TERRITORIO, COD_ESTADO ) VALUES ( 'AL', 'Coit do Noia', '88', 2 );
INSERT INTO	TB_MUNICIPIO ( SG_UF, NO_MUNICIPIO, TAM_TERRITORIO, COD_ESTADO ) VALUES ( 'AL', 'Colnia Leopoldina', '556', 2 );
INSERT INTO	TB_MUNICIPIO ( SG_UF, NO_MUNICIPIO, TAM_TERRITORIO, COD_ESTADO ) VALUES ( 'AL', 'Coqueiro Seco', '40,4', 2 );
INSERT INTO	TB_MUNICIPIO ( SG_UF, NO_MUNICIPIO, TAM_TERRITORIO, COD_ESTADO ) VALUES ( 'AL', 'Coruripe', '971,4', 2 );
INSERT INTO	TB_MUNICIPIO ( SG_UF, NO_MUNICIPIO, TAM_TERRITORIO, COD_ESTADO ) VALUES ( 'AL', 'Crabas', '275', 2 );
INSERT INTO	TB_MUNICIPIO ( SG_UF, NO_MUNICIPIO, TAM_TERRITORIO, COD_ESTADO ) VALUES ( 'AL', 'Delmiro Gouveia', '605', 2 );
INSERT INTO	TB_MUNICIPIO ( SG_UF, NO_MUNICIPIO, TAM_TERRITORIO, COD_ESTADO ) VALUES ( 'AL', 'Dois Riachos', '140', 2 );
INSERT INTO	TB_MUNICIPIO ( SG_UF, NO_MUNICIPIO, TAM_TERRITORIO, COD_ESTADO ) VALUES ( 'AL', 'Estrela de Alagoas', '264', 2 );
INSERT INTO	TB_MUNICIPIO ( SG_UF, NO_MUNICIPIO, TAM_TERRITORIO, COD_ESTADO ) VALUES ( 'AL', 'Feira Grande', '156', 2 );
INSERT INTO	TB_MUNICIPIO ( SG_UF, NO_MUNICIPIO, TAM_TERRITORIO, COD_ESTADO ) VALUES ( 'AL', 'Feliz Deserto', '92', 2 );
INSERT INTO	TB_MUNICIPIO ( SG_UF, NO_MUNICIPIO, TAM_TERRITORIO, COD_ESTADO ) VALUES ( 'AL', 'Flexeiras', '316', 2 );
INSERT INTO	TB_MUNICIPIO ( SG_UF, NO_MUNICIPIO, TAM_TERRITORIO, COD_ESTADO ) VALUES ( 'AL', 'Girau do Ponciano', '502', 2 );
INSERT INTO	TB_MUNICIPIO ( SG_UF, NO_MUNICIPIO, TAM_TERRITORIO, COD_ESTADO ) VALUES ( 'AL', 'Ibateguara', '261', 2 );
INSERT INTO	TB_MUNICIPIO ( SG_UF, NO_MUNICIPIO, TAM_TERRITORIO, COD_ESTADO ) VALUES ( 'AL', 'Igaci', '335', 2 );
INSERT INTO	TB_MUNICIPIO ( SG_UF, NO_MUNICIPIO, TAM_TERRITORIO, COD_ESTADO ) VALUES ( 'AL', 'Igreja Nova', '429', 2 );
INSERT INTO	TB_MUNICIPIO ( SG_UF, NO_MUNICIPIO, TAM_TERRITORIO, COD_ESTADO ) VALUES ( 'AL', 'Inhapi', '374', 2 );
INSERT INTO	TB_MUNICIPIO ( SG_UF, NO_MUNICIPIO, TAM_TERRITORIO, COD_ESTADO ) VALUES ( 'AL', 'Jacar dos Homens', '658', 2 );
INSERT INTO	TB_MUNICIPIO ( SG_UF, NO_MUNICIPIO, TAM_TERRITORIO, COD_ESTADO ) VALUES ( 'AL', 'Jacupe', '217', 2 );
INSERT INTO	TB_MUNICIPIO ( SG_UF, NO_MUNICIPIO, TAM_TERRITORIO, COD_ESTADO ) VALUES ( 'AL', 'Japaratinga', '85,9', 2 );
INSERT INTO	TB_MUNICIPIO ( SG_UF, NO_MUNICIPIO, TAM_TERRITORIO, COD_ESTADO ) VALUES ( 'AL', 'Jaramataia', '104', 2 );
INSERT INTO	TB_MUNICIPIO ( SG_UF, NO_MUNICIPIO, TAM_TERRITORIO, COD_ESTADO ) VALUES ( 'AL', 'Jequi da Praia', '338,6', 2 );
INSERT INTO	TB_MUNICIPIO ( SG_UF, NO_MUNICIPIO, TAM_TERRITORIO, COD_ESTADO ) VALUES ( 'AL', 'Joaquim Gomes', '240,98', 2 );
INSERT INTO	TB_MUNICIPIO ( SG_UF, NO_MUNICIPIO, TAM_TERRITORIO, COD_ESTADO ) VALUES ( 'AL', 'Jundi', '120,2', 2 );
INSERT INTO	TB_MUNICIPIO ( SG_UF, NO_MUNICIPIO, TAM_TERRITORIO, COD_ESTADO ) VALUES ( 'AL', 'Junqueiro', '254', 2 );
INSERT INTO	TB_MUNICIPIO ( SG_UF, NO_MUNICIPIO, TAM_TERRITORIO, COD_ESTADO ) VALUES ( 'AL', 'Lagoa da Canoa', '103', 2 );
INSERT INTO	TB_MUNICIPIO ( SG_UF, NO_MUNICIPIO, TAM_TERRITORIO, COD_ESTADO ) VALUES ( 'AL', 'Limoeiro de Anadia', '316', 2 );
INSERT INTO	TB_MUNICIPIO ( SG_UF, NO_MUNICIPIO, TAM_TERRITORIO, COD_ESTADO ) VALUES ( 'AL', 'Macei', '511', 2 );
INSERT INTO	TB_MUNICIPIO ( SG_UF, NO_MUNICIPIO, TAM_TERRITORIO, COD_ESTADO ) VALUES ( 'AL', 'Major Isidoro', '455', 2 );
INSERT INTO	TB_MUNICIPIO ( SG_UF, NO_MUNICIPIO, TAM_TERRITORIO, COD_ESTADO ) VALUES ( 'AL', 'Mar Vermelho', '114', 2 );
INSERT INTO	TB_MUNICIPIO ( SG_UF, NO_MUNICIPIO, TAM_TERRITORIO, COD_ESTADO ) VALUES ( 'AL', 'Maragogi', '335', 2 );
INSERT INTO	TB_MUNICIPIO ( SG_UF, NO_MUNICIPIO, TAM_TERRITORIO, COD_ESTADO ) VALUES ( 'AL', 'Maravilha', '279', 2 );
INSERT INTO	TB_MUNICIPIO ( SG_UF, NO_MUNICIPIO, TAM_TERRITORIO, COD_ESTADO ) VALUES ( 'AL', 'Marechal Deodoro', '224', 2 );
INSERT INTO	TB_MUNICIPIO ( SG_UF, NO_MUNICIPIO, TAM_TERRITORIO, COD_ESTADO ) VALUES ( 'AL', 'Maribondo', '171,28', 2 );
INSERT INTO	TB_MUNICIPIO ( SG_UF, NO_MUNICIPIO, TAM_TERRITORIO, COD_ESTADO ) VALUES ( 'AL', 'Mata Grande', '908', 2 );
INSERT INTO	TB_MUNICIPIO ( SG_UF, NO_MUNICIPIO, TAM_TERRITORIO, COD_ESTADO ) VALUES ( 'AL', 'Matriz de Camaragibe', '655', 2 );
INSERT INTO	TB_MUNICIPIO ( SG_UF, NO_MUNICIPIO, TAM_TERRITORIO, COD_ESTADO ) VALUES ( 'AL', 'Messias', '113,3', 2 );
INSERT INTO	TB_MUNICIPIO ( SG_UF, NO_MUNICIPIO, TAM_TERRITORIO, COD_ESTADO ) VALUES ( 'AL', 'Minador do Negro', '435', 2 );
INSERT INTO	TB_MUNICIPIO ( SG_UF, NO_MUNICIPIO, TAM_TERRITORIO, COD_ESTADO ) VALUES ( 'AL', 'Monteirpolis', '86,1', 2 );
INSERT INTO	TB_MUNICIPIO ( SG_UF, NO_MUNICIPIO, TAM_TERRITORIO, COD_ESTADO ) VALUES ( 'AL', 'Murici', '425,8', 2 );
INSERT INTO	TB_MUNICIPIO ( SG_UF, NO_MUNICIPIO, TAM_TERRITORIO, COD_ESTADO ) VALUES ( 'AL', 'Novo Lino', '185,71', 2 );
INSERT INTO	TB_MUNICIPIO ( SG_UF, NO_MUNICIPIO, TAM_TERRITORIO, COD_ESTADO ) VALUES ( 'AL', 'Olho d gua das Flores', '447', 2 );
INSERT INTO	TB_MUNICIPIO ( SG_UF, NO_MUNICIPIO, TAM_TERRITORIO, COD_ESTADO ) VALUES ( 'AL', 'Olho d gua do Casado', '854', 2 );
INSERT INTO	TB_MUNICIPIO ( SG_UF, NO_MUNICIPIO, TAM_TERRITORIO, COD_ESTADO ) VALUES ( 'AL', 'Olho d gua Grande', '678', 2 );
INSERT INTO	TB_MUNICIPIO ( SG_UF, NO_MUNICIPIO, TAM_TERRITORIO, COD_ESTADO ) VALUES ( 'AL', 'Olivena', '173,6', 2 );
INSERT INTO	TB_MUNICIPIO ( SG_UF, NO_MUNICIPIO, TAM_TERRITORIO, COD_ESTADO ) VALUES ( 'AL', 'Ouro Branco', '205,4', 2 );
INSERT INTO	TB_MUNICIPIO ( SG_UF, NO_MUNICIPIO, TAM_TERRITORIO, COD_ESTADO ) VALUES ( 'AL', 'Palestina', '49,1', 2 );
INSERT INTO	TB_MUNICIPIO ( SG_UF, NO_MUNICIPIO, TAM_TERRITORIO, COD_ESTADO ) VALUES ( 'AL', 'Palmeira dos ndios', '895', 2 );
INSERT INTO	TB_MUNICIPIO ( SG_UF, NO_MUNICIPIO, TAM_TERRITORIO, COD_ESTADO ) VALUES ( 'AL', 'Pariconha', '264,7', 2 );
INSERT INTO	TB_MUNICIPIO ( SG_UF, NO_MUNICIPIO, TAM_TERRITORIO, COD_ESTADO ) VALUES ( 'AL', 'Paripueira', '93,1', 2 );
INSERT INTO	TB_MUNICIPIO ( SG_UF, NO_MUNICIPIO, TAM_TERRITORIO, COD_ESTADO ) VALUES ( 'AL', 'Passo de Camaragibe', '188', 2 );
INSERT INTO	TB_MUNICIPIO ( SG_UF, NO_MUNICIPIO, TAM_TERRITORIO, COD_ESTADO ) VALUES ( 'AL', 'Paulo Jacinto', '114', 2 );
INSERT INTO	TB_MUNICIPIO ( SG_UF, NO_MUNICIPIO, TAM_TERRITORIO, COD_ESTADO ) VALUES ( 'AL', 'Penedo', '690,8', 2 );
INSERT INTO	TB_MUNICIPIO ( SG_UF, NO_MUNICIPIO, TAM_TERRITORIO, COD_ESTADO ) VALUES ( 'AL', 'Piaabuu', '242,9', 2 );
INSERT INTO	TB_MUNICIPIO ( SG_UF, NO_MUNICIPIO, TAM_TERRITORIO, COD_ESTADO ) VALUES ( 'AL', 'Pilar', '248,98', 2 );
INSERT INTO	TB_MUNICIPIO ( SG_UF, NO_MUNICIPIO, TAM_TERRITORIO, COD_ESTADO ) VALUES ( 'AL', 'Pindoba', '83', 2 );
INSERT INTO	TB_MUNICIPIO ( SG_UF, NO_MUNICIPIO, TAM_TERRITORIO, COD_ESTADO ) VALUES ( 'AL', 'Piranhas', '409,1', 2 );
INSERT INTO	TB_MUNICIPIO ( SG_UF, NO_MUNICIPIO, TAM_TERRITORIO, COD_ESTADO ) VALUES ( 'AL', 'Porto Calvo', '335', 2 );
INSERT INTO	TB_MUNICIPIO ( SG_UF, NO_MUNICIPIO, TAM_TERRITORIO, COD_ESTADO ) VALUES ( 'AL', 'Porto de Pedras', '189', 2 );
INSERT INTO	TB_MUNICIPIO ( SG_UF, NO_MUNICIPIO, TAM_TERRITORIO, COD_ESTADO ) VALUES ( 'AL', 'Porto Real do Colgio', '240', 2 );
INSERT INTO	TB_MUNICIPIO ( SG_UF, NO_MUNICIPIO, TAM_TERRITORIO, COD_ESTADO ) VALUES ( 'AL', 'Poo das Trincheiras', '303', 2 );
INSERT INTO	TB_MUNICIPIO ( SG_UF, NO_MUNICIPIO, TAM_TERRITORIO, COD_ESTADO ) VALUES ( 'AL', 'Po de Acar', '661,8', 2 );
INSERT INTO	TB_MUNICIPIO ( SG_UF, NO_MUNICIPIO, TAM_TERRITORIO, COD_ESTADO ) VALUES ( 'AL', 'Quebrangulo', '321,3', 2 );
INSERT INTO	TB_MUNICIPIO ( SG_UF, NO_MUNICIPIO, TAM_TERRITORIO, COD_ESTADO ) VALUES ( 'AL', 'Rio Largo', '309', 2 );
INSERT INTO	TB_MUNICIPIO ( SG_UF, NO_MUNICIPIO, TAM_TERRITORIO, COD_ESTADO ) VALUES ( 'AL', 'Roteiro', '129,8', 2 );
INSERT INTO	TB_MUNICIPIO ( SG_UF, NO_MUNICIPIO, TAM_TERRITORIO, COD_ESTADO ) VALUES ( 'AL', 'Santa Luzia do Norte', '254', 2 );
INSERT INTO	TB_MUNICIPIO ( SG_UF, NO_MUNICIPIO, TAM_TERRITORIO, COD_ESTADO ) VALUES ( 'AL', 'Santana do Ipanema', '438', 2 );
INSERT INTO	TB_MUNICIPIO ( SG_UF, NO_MUNICIPIO, TAM_TERRITORIO, COD_ESTADO ) VALUES ( 'AL', 'Santana do Munda', '223,62', 2 );
INSERT INTO	TB_MUNICIPIO ( SG_UF, NO_MUNICIPIO, TAM_TERRITORIO, COD_ESTADO ) VALUES ( 'AL', 'Satuba', '42,7', 2 );
INSERT INTO	TB_MUNICIPIO ( SG_UF, NO_MUNICIPIO, TAM_TERRITORIO, COD_ESTADO ) VALUES ( 'AL', 'Senador Rui Palmeira', '360', 2 );
INSERT INTO	TB_MUNICIPIO ( SG_UF, NO_MUNICIPIO, TAM_TERRITORIO, COD_ESTADO ) VALUES ( 'AL', 'So Brs', '140', 2 );
INSERT INTO	TB_MUNICIPIO ( SG_UF, NO_MUNICIPIO, TAM_TERRITORIO, COD_ESTADO ) VALUES ( 'AL', 'So Jos da Laje', '273,8', 2 );
INSERT INTO	TB_MUNICIPIO ( SG_UF, NO_MUNICIPIO, TAM_TERRITORIO, COD_ESTADO ) VALUES ( 'AL', 'So Jos da Tapera', '675', 2 );
INSERT INTO	TB_MUNICIPIO ( SG_UF, NO_MUNICIPIO, TAM_TERRITORIO, COD_ESTADO ) VALUES ( 'AL', 'So Lus do Quitunde', '405,7', 2 );
INSERT INTO	TB_MUNICIPIO ( SG_UF, NO_MUNICIPIO, TAM_TERRITORIO, COD_ESTADO ) VALUES ( 'AL', 'So Miguel dos Campos', '660,3', 2 );
INSERT INTO	TB_MUNICIPIO ( SG_UF, NO_MUNICIPIO, TAM_TERRITORIO, COD_ESTADO ) VALUES ( 'AL', 'So Miguel dos Milagres', '70', 2 );
INSERT INTO	TB_MUNICIPIO ( SG_UF, NO_MUNICIPIO, TAM_TERRITORIO, COD_ESTADO ) VALUES ( 'AL', 'So Sebastio', '307', 2 );
INSERT INTO	TB_MUNICIPIO ( SG_UF, NO_MUNICIPIO, TAM_TERRITORIO, COD_ESTADO ) VALUES ( 'AL', 'Tanque d Arca', '155,9', 2 );
INSERT INTO	TB_MUNICIPIO ( SG_UF, NO_MUNICIPIO, TAM_TERRITORIO, COD_ESTADO ) VALUES ( 'AL', 'Taquarana', '153', 2 );
INSERT INTO	TB_MUNICIPIO ( SG_UF, NO_MUNICIPIO, TAM_TERRITORIO, COD_ESTADO ) VALUES ( 'AL', 'Teotnio Vilela', '254', 2 );
INSERT INTO	TB_MUNICIPIO ( SG_UF, NO_MUNICIPIO, TAM_TERRITORIO, COD_ESTADO ) VALUES ( 'AL', 'Traipu', '698', 2 );
INSERT INTO	TB_MUNICIPIO ( SG_UF, NO_MUNICIPIO, TAM_TERRITORIO, COD_ESTADO ) VALUES ( 'AL', 'Unio dos Palmares', '427,83', 2 );
INSERT INTO	TB_MUNICIPIO ( SG_UF, NO_MUNICIPIO, TAM_TERRITORIO, COD_ESTADO ) VALUES ( 'AL', 'Viosa', '355', 2 );
INSERT INTO	TB_MUNICIPIO ( SG_UF, NO_MUNICIPIO, TAM_TERRITORIO, COD_ESTADO ) VALUES ( 'AL', 'gua Branca', '455', 2 );


INSERT INTO	TB_MUNICIPIO ( SG_UF, NO_MUNICIPIO, TAM_TERRITORIO, COD_ESTADO ) VALUES ( 'AP', 'Amap', '9 169', 3);
INSERT INTO	TB_MUNICIPIO ( SG_UF, NO_MUNICIPIO, TAM_TERRITORIO, COD_ESTADO ) VALUES ( 'AP', 'Caloene', '14 269', 3);
INSERT INTO	TB_MUNICIPIO ( SG_UF, NO_MUNICIPIO, TAM_TERRITORIO, COD_ESTADO ) VALUES ( 'AP', 'Cutias do Araguary', '2 115', 3);
INSERT INTO	TB_MUNICIPIO ( SG_UF, NO_MUNICIPIO, TAM_TERRITORIO, COD_ESTADO ) VALUES ( 'AP', 'Ferreira Gomes', '5 047', 3);
INSERT INTO	TB_MUNICIPIO ( SG_UF, NO_MUNICIPIO, TAM_TERRITORIO, COD_ESTADO ) VALUES ( 'AP', 'Itaubal', '1 704', 3);
INSERT INTO	TB_MUNICIPIO ( SG_UF, NO_MUNICIPIO, TAM_TERRITORIO, COD_ESTADO ) VALUES ( 'AP', 'Laranjal do Jari', '29 699', 3);
INSERT INTO	TB_MUNICIPIO ( SG_UF, NO_MUNICIPIO, TAM_TERRITORIO, COD_ESTADO ) VALUES ( 'AP', 'Macap', '6 563', 3);
INSERT INTO	TB_MUNICIPIO ( SG_UF, NO_MUNICIPIO, TAM_TERRITORIO, COD_ESTADO ) VALUES ( 'AP', 'Mazago', '13 131', 3);
INSERT INTO	TB_MUNICIPIO ( SG_UF, NO_MUNICIPIO, TAM_TERRITORIO, COD_ESTADO ) VALUES ( 'AP', 'Oiapoque', '22 625', 3);
INSERT INTO	TB_MUNICIPIO ( SG_UF, NO_MUNICIPIO, TAM_TERRITORIO, COD_ESTADO ) VALUES ( 'AP', 'Pedra Branca do Amapari', '9 495', 3);
INSERT INTO	TB_MUNICIPIO ( SG_UF, NO_MUNICIPIO, TAM_TERRITORIO, COD_ESTADO ) VALUES ( 'AP', 'Porto Grande', '4 402', 3);
INSERT INTO	TB_MUNICIPIO ( SG_UF, NO_MUNICIPIO, TAM_TERRITORIO, COD_ESTADO ) VALUES ( 'AP', 'Pracuuba', '4 957', 3);
INSERT INTO	TB_MUNICIPIO ( SG_UF, NO_MUNICIPIO, TAM_TERRITORIO, COD_ESTADO ) VALUES ( 'AP', 'Santana', '1 578', 3);
INSERT INTO	TB_MUNICIPIO ( SG_UF, NO_MUNICIPIO, TAM_TERRITORIO, COD_ESTADO ) VALUES ( 'AP', 'Serra do Navio', '7 757', 3);
INSERT INTO	TB_MUNICIPIO ( SG_UF, NO_MUNICIPIO, TAM_TERRITORIO, COD_ESTADO ) VALUES ( 'AP', 'Tartarugalzinho', '13 769', 3);
INSERT INTO	TB_MUNICIPIO ( SG_UF, NO_MUNICIPIO, TAM_TERRITORIO, COD_ESTADO ) VALUES ( 'AP', 'Vitria do Jari', '2 483', 3);


INSERT INTO	TB_MUNICIPIO ( SG_UF, NO_MUNICIPIO, TAM_TERRITORIO, COD_ESTADO ) VALUES ( 'AM', 'Alvares', '584', 4 );
INSERT INTO	TB_MUNICIPIO ( SG_UF, NO_MUNICIPIO, TAM_TERRITORIO, COD_ESTADO ) VALUES ( 'AM', 'Amatur', '584', 4 );
INSERT INTO	TB_MUNICIPIO ( SG_UF, NO_MUNICIPIO, TAM_TERRITORIO, COD_ESTADO ) VALUES ( 'AM', 'Anam', '584', 4 );
INSERT INTO	TB_MUNICIPIO ( SG_UF, NO_MUNICIPIO, TAM_TERRITORIO, COD_ESTADO ) VALUES ( 'AM', 'Anori', '584', 4 );
INSERT INTO	TB_MUNICIPIO ( SG_UF, NO_MUNICIPIO, TAM_TERRITORIO, COD_ESTADO ) VALUES ( 'AM', 'Apu', '584', 4 );
INSERT INTO	TB_MUNICIPIO ( SG_UF, NO_MUNICIPIO, TAM_TERRITORIO, COD_ESTADO ) VALUES ( 'AM', 'Atalaia do Norte', '584', 4 );
INSERT INTO	TB_MUNICIPIO ( SG_UF, NO_MUNICIPIO, TAM_TERRITORIO, COD_ESTADO ) VALUES ( 'AM', 'Autazes', '584', 4 );
INSERT INTO	TB_MUNICIPIO ( SG_UF, NO_MUNICIPIO, TAM_TERRITORIO, COD_ESTADO ) VALUES ( 'AM', 'Barcelos', '584', 4 );
INSERT INTO	TB_MUNICIPIO ( SG_UF, NO_MUNICIPIO, TAM_TERRITORIO, COD_ESTADO ) VALUES ( 'AM', 'Barreirinha', '584', 4 );
INSERT INTO	TB_MUNICIPIO ( SG_UF, NO_MUNICIPIO, TAM_TERRITORIO, COD_ESTADO ) VALUES ( 'AM', 'Benjamin Constant', '584', 4 );
INSERT INTO	TB_MUNICIPIO ( SG_UF, NO_MUNICIPIO, TAM_TERRITORIO, COD_ESTADO ) VALUES ( 'AM', 'Beruri', '584', 4 );
INSERT INTO	TB_MUNICIPIO ( SG_UF, NO_MUNICIPIO, TAM_TERRITORIO, COD_ESTADO ) VALUES ( 'AM', 'Boa Vista do Ramos', '584', 4 );
INSERT INTO	TB_MUNICIPIO ( SG_UF, NO_MUNICIPIO, TAM_TERRITORIO, COD_ESTADO ) VALUES ( 'AM', 'Boca do Acre', '584', 4 );
INSERT INTO	TB_MUNICIPIO ( SG_UF, NO_MUNICIPIO, TAM_TERRITORIO, COD_ESTADO ) VALUES ( 'AM', 'Borba', '584', 4 );
INSERT INTO	TB_MUNICIPIO ( SG_UF, NO_MUNICIPIO, TAM_TERRITORIO, COD_ESTADO ) VALUES ( 'AM', 'Barcelos', '584', 4 );
INSERT INTO	TB_MUNICIPIO ( SG_UF, NO_MUNICIPIO, TAM_TERRITORIO, COD_ESTADO ) VALUES ( 'AM', 'Barreirinha', '584', 4 );
INSERT INTO	TB_MUNICIPIO ( SG_UF, NO_MUNICIPIO, TAM_TERRITORIO, COD_ESTADO ) VALUES ( 'AM', 'Benjamin Constant', '584', 4 );
INSERT INTO	TB_MUNICIPIO ( SG_UF, NO_MUNICIPIO, TAM_TERRITORIO, COD_ESTADO ) VALUES ( 'AM', 'Beruri', '584', 4 );
INSERT INTO	TB_MUNICIPIO ( SG_UF, NO_MUNICIPIO, TAM_TERRITORIO, COD_ESTADO ) VALUES ( 'AM', 'Boa Vista do Ramos', '584', 4 );
INSERT INTO	TB_MUNICIPIO ( SG_UF, NO_MUNICIPIO, TAM_TERRITORIO, COD_ESTADO ) VALUES ( 'AM', 'Boca do Acre', '584', 4 );
INSERT INTO	TB_MUNICIPIO ( SG_UF, NO_MUNICIPIO, TAM_TERRITORIO, COD_ESTADO ) VALUES ( 'AM', 'Borba', '584', 4 );
INSERT INTO	TB_MUNICIPIO ( SG_UF, NO_MUNICIPIO, TAM_TERRITORIO, COD_ESTADO ) VALUES ( 'AM', 'Eirunep', '584', 4 );
INSERT INTO	TB_MUNICIPIO ( SG_UF, NO_MUNICIPIO, TAM_TERRITORIO, COD_ESTADO ) VALUES ( 'AM', 'Envira', '584', 4 );
INSERT INTO	TB_MUNICIPIO ( SG_UF, NO_MUNICIPIO, TAM_TERRITORIO, COD_ESTADO ) VALUES ( 'AM', 'Fonte Boa', '584', 4 );
INSERT INTO	TB_MUNICIPIO ( SG_UF, NO_MUNICIPIO, TAM_TERRITORIO, COD_ESTADO ) VALUES ( 'AM', 'Guajar', '584', 4 );
INSERT INTO	TB_MUNICIPIO ( SG_UF, NO_MUNICIPIO, TAM_TERRITORIO, COD_ESTADO ) VALUES ( 'AM', 'Humait', '584', 4 );
INSERT INTO	TB_MUNICIPIO ( SG_UF, NO_MUNICIPIO, TAM_TERRITORIO, COD_ESTADO ) VALUES ( 'AM', 'Ipixuna', '584', 4 );
INSERT INTO	TB_MUNICIPIO ( SG_UF, NO_MUNICIPIO, TAM_TERRITORIO, COD_ESTADO ) VALUES ( 'AM', 'Iranduba', '584', 4 );
INSERT INTO	TB_MUNICIPIO ( SG_UF, NO_MUNICIPIO, TAM_TERRITORIO, COD_ESTADO ) VALUES ( 'AM', 'Itacoatiara', '584', 4 );
INSERT INTO	TB_MUNICIPIO ( SG_UF, NO_MUNICIPIO, TAM_TERRITORIO, COD_ESTADO ) VALUES ( 'AM', 'Itamarati', '584', 4 );
INSERT INTO	TB_MUNICIPIO ( SG_UF, NO_MUNICIPIO, TAM_TERRITORIO, COD_ESTADO ) VALUES ( 'AM', 'Itapiranga', '584', 4 );
INSERT INTO	TB_MUNICIPIO ( SG_UF, NO_MUNICIPIO, TAM_TERRITORIO, COD_ESTADO ) VALUES ( 'AM', 'Japur', '584', 4 );
INSERT INTO	TB_MUNICIPIO ( SG_UF, NO_MUNICIPIO, TAM_TERRITORIO, COD_ESTADO ) VALUES ( 'AM', 'Juru', '584', 4 );
INSERT INTO	TB_MUNICIPIO ( SG_UF, NO_MUNICIPIO, TAM_TERRITORIO, COD_ESTADO ) VALUES ( 'AM', 'Juta', '584', 4 );
INSERT INTO	TB_MUNICIPIO ( SG_UF, NO_MUNICIPIO, TAM_TERRITORIO, COD_ESTADO ) VALUES ( 'AM', 'Lbrea', '584', 4 );
INSERT INTO	TB_MUNICIPIO ( SG_UF, NO_MUNICIPIO, TAM_TERRITORIO, COD_ESTADO ) VALUES ( 'AM', 'Manacapuru', '584', 4 );
INSERT INTO	TB_MUNICIPIO ( SG_UF, NO_MUNICIPIO, TAM_TERRITORIO, COD_ESTADO ) VALUES ( 'AM', 'Manaquiri', '584', 4 );
INSERT INTO	TB_MUNICIPIO ( SG_UF, NO_MUNICIPIO, TAM_TERRITORIO, COD_ESTADO ) VALUES ( 'AM', 'Manaus', '584', 4 );
INSERT INTO	TB_MUNICIPIO ( SG_UF, NO_MUNICIPIO, TAM_TERRITORIO, COD_ESTADO ) VALUES ( 'AM', 'Manicor', '584', 4 );
INSERT INTO	TB_MUNICIPIO ( SG_UF, NO_MUNICIPIO, TAM_TERRITORIO, COD_ESTADO ) VALUES ( 'AM', 'Mara', '584', 4 );
INSERT INTO	TB_MUNICIPIO ( SG_UF, NO_MUNICIPIO, TAM_TERRITORIO, COD_ESTADO ) VALUES ( 'AM', 'Maus', '584', 4 );
INSERT INTO	TB_MUNICIPIO ( SG_UF, NO_MUNICIPIO, TAM_TERRITORIO, COD_ESTADO ) VALUES ( 'AM', 'Nhamund', '584', 4 );
INSERT INTO	TB_MUNICIPIO ( SG_UF, NO_MUNICIPIO, TAM_TERRITORIO, COD_ESTADO ) VALUES ( 'AM', 'Nova Olinda do Norte', '584', 4 );
INSERT INTO	TB_MUNICIPIO ( SG_UF, NO_MUNICIPIO, TAM_TERRITORIO, COD_ESTADO ) VALUES ( 'AM', 'Novo Airo', '584', 4 );
INSERT INTO	TB_MUNICIPIO ( SG_UF, NO_MUNICIPIO, TAM_TERRITORIO, COD_ESTADO ) VALUES ( 'AM', 'Novo Aripuan', '584', 4 );
INSERT INTO	TB_MUNICIPIO ( SG_UF, NO_MUNICIPIO, TAM_TERRITORIO, COD_ESTADO ) VALUES ( 'AM', 'Parintins', '584', 4 );
INSERT INTO	TB_MUNICIPIO ( SG_UF, NO_MUNICIPIO, TAM_TERRITORIO, COD_ESTADO ) VALUES ( 'AM', 'Pauini', '584', 4 );
INSERT INTO	TB_MUNICIPIO ( SG_UF, NO_MUNICIPIO, TAM_TERRITORIO, COD_ESTADO ) VALUES ( 'AM', 'Presidente Figueiredo', '584', 4 );
INSERT INTO	TB_MUNICIPIO ( SG_UF, NO_MUNICIPIO, TAM_TERRITORIO, COD_ESTADO ) VALUES ( 'AM', 'Rio Preto da Eva', '584', 4 );
INSERT INTO	TB_MUNICIPIO ( SG_UF, NO_MUNICIPIO, TAM_TERRITORIO, COD_ESTADO ) VALUES ( 'AM', 'Santa Isabel do Rio Negro', '584', 4 );
INSERT INTO	TB_MUNICIPIO ( SG_UF, NO_MUNICIPIO, TAM_TERRITORIO, COD_ESTADO ) VALUES ( 'AM', 'Santo Antnio do I', '584', 4 );
INSERT INTO	TB_MUNICIPIO ( SG_UF, NO_MUNICIPIO, TAM_TERRITORIO, COD_ESTADO ) VALUES ( 'AM', 'Silves', '584', 4 );
INSERT INTO	TB_MUNICIPIO ( SG_UF, NO_MUNICIPIO, TAM_TERRITORIO, COD_ESTADO ) VALUES ( 'AM', 'So Gabriel da Cachoeira', '584', 4 );
INSERT INTO	TB_MUNICIPIO ( SG_UF, NO_MUNICIPIO, TAM_TERRITORIO, COD_ESTADO ) VALUES ( 'AM', 'So Paulo de Olivena', '584', 4 );
INSERT INTO	TB_MUNICIPIO ( SG_UF, NO_MUNICIPIO, TAM_TERRITORIO, COD_ESTADO ) VALUES ( 'AM', 'So Sebastio do Uatum', '584', 4 );
INSERT INTO	TB_MUNICIPIO ( SG_UF, NO_MUNICIPIO, TAM_TERRITORIO, COD_ESTADO ) VALUES ( 'AM', 'Tabatinga', '584', 4 );
INSERT INTO	TB_MUNICIPIO ( SG_UF, NO_MUNICIPIO, TAM_TERRITORIO, COD_ESTADO ) VALUES ( 'AM', 'Tapau', '584', 4 );
INSERT INTO	TB_MUNICIPIO ( SG_UF, NO_MUNICIPIO, TAM_TERRITORIO, COD_ESTADO ) VALUES ( 'AM', 'Tef', '584', 4 );
INSERT INTO	TB_MUNICIPIO ( SG_UF, NO_MUNICIPIO, TAM_TERRITORIO, COD_ESTADO ) VALUES ( 'AM', 'Tonantins', '584', 4 );
INSERT INTO	TB_MUNICIPIO ( SG_UF, NO_MUNICIPIO, TAM_TERRITORIO, COD_ESTADO ) VALUES ( 'AM', 'Uarini', '584', 4 );
INSERT INTO	TB_MUNICIPIO ( SG_UF, NO_MUNICIPIO, TAM_TERRITORIO, COD_ESTADO ) VALUES ( 'AM', 'Urucar', '584', 4 );
INSERT INTO	TB_MUNICIPIO ( SG_UF, NO_MUNICIPIO, TAM_TERRITORIO, COD_ESTADO ) VALUES ( 'AM', 'Urucurituba', '584', 4 );


INSERT INTO	TB_MUNICIPIO ( SG_UF, NO_MUNICIPIO, TAM_TERRITORIO, COD_ESTADO ) VALUES ( 'BA', 'Abara', '9874', 5 );
INSERT INTO	TB_MUNICIPIO ( SG_UF, NO_MUNICIPIO, TAM_TERRITORIO, COD_ESTADO ) VALUES ( 'BA', 'Abar', '9874', 5 );
INSERT INTO	TB_MUNICIPIO ( SG_UF, NO_MUNICIPIO, TAM_TERRITORIO, COD_ESTADO ) VALUES ( 'BA', 'Acajutiba', '9874', 5 );
INSERT INTO	TB_MUNICIPIO ( SG_UF, NO_MUNICIPIO, TAM_TERRITORIO, COD_ESTADO ) VALUES ( 'BA', 'Adustina', '9874', 5 );
INSERT INTO	TB_MUNICIPIO ( SG_UF, NO_MUNICIPIO, TAM_TERRITORIO, COD_ESTADO ) VALUES ( 'BA', 'gua Fria', '9874', 5 );
INSERT INTO	TB_MUNICIPIO ( SG_UF, NO_MUNICIPIO, TAM_TERRITORIO, COD_ESTADO ) VALUES ( 'BA', 'Aiquara', '9874', 5 );
INSERT INTO	TB_MUNICIPIO ( SG_UF, NO_MUNICIPIO, TAM_TERRITORIO, COD_ESTADO ) VALUES ( 'BA', 'Alagoinhas', '9874', 5 );
INSERT INTO	TB_MUNICIPIO ( SG_UF, NO_MUNICIPIO, TAM_TERRITORIO, COD_ESTADO ) VALUES ( 'BA', 'Alcobaa', '9874', 5 );
INSERT INTO	TB_MUNICIPIO ( SG_UF, NO_MUNICIPIO, TAM_TERRITORIO, COD_ESTADO ) VALUES ( 'BA', 'Almadina', '9874', 5 );
INSERT INTO	TB_MUNICIPIO ( SG_UF, NO_MUNICIPIO, TAM_TERRITORIO, COD_ESTADO ) VALUES ( 'BA', 'Amargosa', '9874', 5 );
INSERT INTO	TB_MUNICIPIO ( SG_UF, NO_MUNICIPIO, TAM_TERRITORIO, COD_ESTADO ) VALUES ( 'BA', 'Amlia Rodrigues', '9874', 5 );
INSERT INTO	TB_MUNICIPIO ( SG_UF, NO_MUNICIPIO, TAM_TERRITORIO, COD_ESTADO ) VALUES ( 'BA', 'Amrica Dourada', '9874', 5 );
INSERT INTO	TB_MUNICIPIO ( SG_UF, NO_MUNICIPIO, TAM_TERRITORIO, COD_ESTADO ) VALUES ( 'BA', 'Anag', '9874', 5 );
INSERT INTO	TB_MUNICIPIO ( SG_UF, NO_MUNICIPIO, TAM_TERRITORIO, COD_ESTADO ) VALUES ( 'BA', 'Andara', '9874', 5 );
INSERT INTO	TB_MUNICIPIO ( SG_UF, NO_MUNICIPIO, TAM_TERRITORIO, COD_ESTADO ) VALUES ( 'BA', 'Andorinha', '9874', 5 );
INSERT INTO	TB_MUNICIPIO ( SG_UF, NO_MUNICIPIO, TAM_TERRITORIO, COD_ESTADO ) VALUES ( 'BA', 'Angical', '9874', 5 );
INSERT INTO	TB_MUNICIPIO ( SG_UF, NO_MUNICIPIO, TAM_TERRITORIO, COD_ESTADO ) VALUES ( 'BA', 'Anguera', '9874', 5 );
INSERT INTO	TB_MUNICIPIO ( SG_UF, NO_MUNICIPIO, TAM_TERRITORIO, COD_ESTADO ) VALUES ( 'BA', 'Antas', '9874', 5 );
INSERT INTO	TB_MUNICIPIO ( SG_UF, NO_MUNICIPIO, TAM_TERRITORIO, COD_ESTADO ) VALUES ( 'BA', 'Antnio Cardoso', '9874', 5 );
INSERT INTO	TB_MUNICIPIO ( SG_UF, NO_MUNICIPIO, TAM_TERRITORIO, COD_ESTADO ) VALUES ( 'BA', 'Antnio Gonalves', '9874', 5 );
INSERT INTO	TB_MUNICIPIO ( SG_UF, NO_MUNICIPIO, TAM_TERRITORIO, COD_ESTADO ) VALUES ( 'BA', 'Apor', '9874', 5 );
INSERT INTO	TB_MUNICIPIO ( SG_UF, NO_MUNICIPIO, TAM_TERRITORIO, COD_ESTADO ) VALUES ( 'BA', 'Apuarema', '9874', 5 );
INSERT INTO	TB_MUNICIPIO ( SG_UF, NO_MUNICIPIO, TAM_TERRITORIO, COD_ESTADO ) VALUES ( 'BA', 'Aras', '9874', 5 );
INSERT INTO	TB_MUNICIPIO ( SG_UF, NO_MUNICIPIO, TAM_TERRITORIO, COD_ESTADO ) VALUES ( 'BA', 'Aracatu', '9874', 5 );
INSERT INTO	TB_MUNICIPIO ( SG_UF, NO_MUNICIPIO, TAM_TERRITORIO, COD_ESTADO ) VALUES ( 'BA', 'Araci', '9874', 5 );
INSERT INTO	TB_MUNICIPIO ( SG_UF, NO_MUNICIPIO, TAM_TERRITORIO, COD_ESTADO ) VALUES ( 'BA', 'Aramari', '9874', 5 );
INSERT INTO	TB_MUNICIPIO ( SG_UF, NO_MUNICIPIO, TAM_TERRITORIO, COD_ESTADO ) VALUES ( 'BA', 'Arataca', '9874', 5 );
INSERT INTO	TB_MUNICIPIO ( SG_UF, NO_MUNICIPIO, TAM_TERRITORIO, COD_ESTADO ) VALUES ( 'BA', 'Aratupe', '9874', 5 );
INSERT INTO	TB_MUNICIPIO ( SG_UF, NO_MUNICIPIO, TAM_TERRITORIO, COD_ESTADO ) VALUES ( 'BA', 'Aurelino Leal', '9874', 5 );
INSERT INTO	TB_MUNICIPIO ( SG_UF, NO_MUNICIPIO, TAM_TERRITORIO, COD_ESTADO ) VALUES ( 'BA', 'Baianpolis', '9874', 5 );
INSERT INTO	TB_MUNICIPIO ( SG_UF, NO_MUNICIPIO, TAM_TERRITORIO, COD_ESTADO ) VALUES ( 'BA', 'Baixa Grande', '9874', 5 );
INSERT INTO	TB_MUNICIPIO ( SG_UF, NO_MUNICIPIO, TAM_TERRITORIO, COD_ESTADO ) VALUES ( 'BA', 'Banza', '9874', 5 );
INSERT INTO	TB_MUNICIPIO ( SG_UF, NO_MUNICIPIO, TAM_TERRITORIO, COD_ESTADO ) VALUES ( 'BA', 'Barra', '9874', 5 );
INSERT INTO	TB_MUNICIPIO ( SG_UF, NO_MUNICIPIO, TAM_TERRITORIO, COD_ESTADO ) VALUES ( 'BA', 'Barra da Estiva', '9874', 5 );
INSERT INTO	TB_MUNICIPIO ( SG_UF, NO_MUNICIPIO, TAM_TERRITORIO, COD_ESTADO ) VALUES ( 'BA', 'Barra do Choa', '9874', 5 );
INSERT INTO	TB_MUNICIPIO ( SG_UF, NO_MUNICIPIO, TAM_TERRITORIO, COD_ESTADO ) VALUES ( 'BA', 'Barra do Mendes', '9874', 5 );
INSERT INTO	TB_MUNICIPIO ( SG_UF, NO_MUNICIPIO, TAM_TERRITORIO, COD_ESTADO ) VALUES ( 'BA', 'Barra do Rocha', '9874', 5 );
INSERT INTO	TB_MUNICIPIO ( SG_UF, NO_MUNICIPIO, TAM_TERRITORIO, COD_ESTADO ) VALUES ( 'BA', 'Barreiras', '9874', 5 );
INSERT INTO	TB_MUNICIPIO ( SG_UF, NO_MUNICIPIO, TAM_TERRITORIO, COD_ESTADO ) VALUES ( 'BA', 'Barro Alto', '9874', 5 );
INSERT INTO	TB_MUNICIPIO ( SG_UF, NO_MUNICIPIO, TAM_TERRITORIO, COD_ESTADO ) VALUES ( 'BA', 'Barro Preto', '9874', 5 );
INSERT INTO	TB_MUNICIPIO ( SG_UF, NO_MUNICIPIO, TAM_TERRITORIO, COD_ESTADO ) VALUES ( 'BA', 'Barrocas', '9874', 5 );
INSERT INTO	TB_MUNICIPIO ( SG_UF, NO_MUNICIPIO, TAM_TERRITORIO, COD_ESTADO ) VALUES ( 'BA', 'Belmonte', '9874', 5 );
INSERT INTO	TB_MUNICIPIO ( SG_UF, NO_MUNICIPIO, TAM_TERRITORIO, COD_ESTADO ) VALUES ( 'BA', 'Belo Campo', '9874', 5 );
INSERT INTO	TB_MUNICIPIO ( SG_UF, NO_MUNICIPIO, TAM_TERRITORIO, COD_ESTADO ) VALUES ( 'BA', 'Biritinga', '9874', 5 );
INSERT INTO	TB_MUNICIPIO ( SG_UF, NO_MUNICIPIO, TAM_TERRITORIO, COD_ESTADO ) VALUES ( 'BA', 'Boa Nova', '9874', 5 );
INSERT INTO	TB_MUNICIPIO ( SG_UF, NO_MUNICIPIO, TAM_TERRITORIO, COD_ESTADO ) VALUES ( 'BA', 'Boa Vista do Tupim', '9874', 5 );
INSERT INTO	TB_MUNICIPIO ( SG_UF, NO_MUNICIPIO, TAM_TERRITORIO, COD_ESTADO ) VALUES ( 'BA', 'Bom Jesus da Lapa', '9874', 5 );
INSERT INTO	TB_MUNICIPIO ( SG_UF, NO_MUNICIPIO, TAM_TERRITORIO, COD_ESTADO ) VALUES ( 'BA', 'Bom Jesus da Serra', '9874', 5 );
INSERT INTO	TB_MUNICIPIO ( SG_UF, NO_MUNICIPIO, TAM_TERRITORIO, COD_ESTADO ) VALUES ( 'BA', 'Boninal', '9874', 5 );
INSERT INTO	TB_MUNICIPIO ( SG_UF, NO_MUNICIPIO, TAM_TERRITORIO, COD_ESTADO ) VALUES ( 'BA', 'Bonito', '9874', 5 );
INSERT INTO	TB_MUNICIPIO ( SG_UF, NO_MUNICIPIO, TAM_TERRITORIO, COD_ESTADO ) VALUES ( 'BA', 'Boquira', '9874', 5 );
INSERT INTO	TB_MUNICIPIO ( SG_UF, NO_MUNICIPIO, TAM_TERRITORIO, COD_ESTADO ) VALUES ( 'BA', 'Botupor', '9874', 5 );
INSERT INTO	TB_MUNICIPIO ( SG_UF, NO_MUNICIPIO, TAM_TERRITORIO, COD_ESTADO ) VALUES ( 'BA', 'Brejes', '9874', 5 );
INSERT INTO	TB_MUNICIPIO ( SG_UF, NO_MUNICIPIO, TAM_TERRITORIO, COD_ESTADO ) VALUES ( 'BA', 'Brejolndia', '9874', 5 );
INSERT INTO	TB_MUNICIPIO ( SG_UF, NO_MUNICIPIO, TAM_TERRITORIO, COD_ESTADO ) VALUES ( 'BA', 'Brotas de Macabas', '9874', 5 );
INSERT INTO	TB_MUNICIPIO ( SG_UF, NO_MUNICIPIO, TAM_TERRITORIO, COD_ESTADO ) VALUES ( 'BA', 'Brumado', '9874', 5 );
INSERT INTO	TB_MUNICIPIO ( SG_UF, NO_MUNICIPIO, TAM_TERRITORIO, COD_ESTADO ) VALUES ( 'BA', 'Buerarema', '9874', 5 );
INSERT INTO	TB_MUNICIPIO ( SG_UF, NO_MUNICIPIO, TAM_TERRITORIO, COD_ESTADO ) VALUES ( 'BA', 'Buritirama', '9874', 5 );
INSERT INTO	TB_MUNICIPIO ( SG_UF, NO_MUNICIPIO, TAM_TERRITORIO, COD_ESTADO ) VALUES ( 'BA', 'Caatiba', '9874', 5 );
INSERT INTO	TB_MUNICIPIO ( SG_UF, NO_MUNICIPIO, TAM_TERRITORIO, COD_ESTADO ) VALUES ( 'BA', 'Cabaceiras do Paraguau', '9874', 5 );
INSERT INTO	TB_MUNICIPIO ( SG_UF, NO_MUNICIPIO, TAM_TERRITORIO, COD_ESTADO ) VALUES ( 'BA', 'Cachoeira', '9874', 5 );
INSERT INTO	TB_MUNICIPIO ( SG_UF, NO_MUNICIPIO, TAM_TERRITORIO, COD_ESTADO ) VALUES ( 'BA', 'Cacul', '9874', 5 );
INSERT INTO	TB_MUNICIPIO ( SG_UF, NO_MUNICIPIO, TAM_TERRITORIO, COD_ESTADO ) VALUES ( 'BA', 'Cam', '9874', 5 );
INSERT INTO	TB_MUNICIPIO ( SG_UF, NO_MUNICIPIO, TAM_TERRITORIO, COD_ESTADO ) VALUES ( 'BA', 'Caetanos', '9874', 5 );
INSERT INTO	TB_MUNICIPIO ( SG_UF, NO_MUNICIPIO, TAM_TERRITORIO, COD_ESTADO ) VALUES ( 'BA', 'Caetit', '9874', 5 );
INSERT INTO	TB_MUNICIPIO ( SG_UF, NO_MUNICIPIO, TAM_TERRITORIO, COD_ESTADO ) VALUES ( 'BA', 'Cafarnaum', '9874', 5 );
INSERT INTO	TB_MUNICIPIO ( SG_UF, NO_MUNICIPIO, TAM_TERRITORIO, COD_ESTADO ) VALUES ( 'BA', 'Cairu', '9874', 5 );
INSERT INTO	TB_MUNICIPIO ( SG_UF, NO_MUNICIPIO, TAM_TERRITORIO, COD_ESTADO ) VALUES ( 'BA', 'Caldeiro Grande', '9874', 5 );
INSERT INTO	TB_MUNICIPIO ( SG_UF, NO_MUNICIPIO, TAM_TERRITORIO, COD_ESTADO ) VALUES ( 'BA', 'Camacan', '9874', 5 );
INSERT INTO	TB_MUNICIPIO ( SG_UF, NO_MUNICIPIO, TAM_TERRITORIO, COD_ESTADO ) VALUES ( 'BA', 'Camaari', '9874', 5 );
INSERT INTO	TB_MUNICIPIO ( SG_UF, NO_MUNICIPIO, TAM_TERRITORIO, COD_ESTADO ) VALUES ( 'BA', 'Camamu', '9874', 5 );
INSERT INTO	TB_MUNICIPIO ( SG_UF, NO_MUNICIPIO, TAM_TERRITORIO, COD_ESTADO ) VALUES ( 'BA', 'Campo Alegre de Lourdes', '9874', 5 );
INSERT INTO	TB_MUNICIPIO ( SG_UF, NO_MUNICIPIO, TAM_TERRITORIO, COD_ESTADO ) VALUES ( 'BA', 'Campo Formoso', '9874', 5 );
INSERT INTO	TB_MUNICIPIO ( SG_UF, NO_MUNICIPIO, TAM_TERRITORIO, COD_ESTADO ) VALUES ( 'BA', 'Canpolis', '9874', 5 );
INSERT INTO	TB_MUNICIPIO ( SG_UF, NO_MUNICIPIO, TAM_TERRITORIO, COD_ESTADO ) VALUES ( 'BA', 'Canarana', '9874', 5 );
INSERT INTO	TB_MUNICIPIO ( SG_UF, NO_MUNICIPIO, TAM_TERRITORIO, COD_ESTADO ) VALUES ( 'BA', 'Canavieiras', '9874', 5 );
INSERT INTO	TB_MUNICIPIO ( SG_UF, NO_MUNICIPIO, TAM_TERRITORIO, COD_ESTADO ) VALUES ( 'BA', 'Candeal', '9874', 5 );
INSERT INTO	TB_MUNICIPIO ( SG_UF, NO_MUNICIPIO, TAM_TERRITORIO, COD_ESTADO ) VALUES ( 'BA', 'Candeias', '9874', 5 );
INSERT INTO	TB_MUNICIPIO ( SG_UF, NO_MUNICIPIO, TAM_TERRITORIO, COD_ESTADO ) VALUES ( 'BA', 'Candiba', '9874', 5 );
INSERT INTO	TB_MUNICIPIO ( SG_UF, NO_MUNICIPIO, TAM_TERRITORIO, COD_ESTADO ) VALUES ( 'BA', 'Cndido Sales', '9874', 5 );
INSERT INTO	TB_MUNICIPIO ( SG_UF, NO_MUNICIPIO, TAM_TERRITORIO, COD_ESTADO ) VALUES ( 'BA', 'Cansano', '9874', 5 );
INSERT INTO	TB_MUNICIPIO ( SG_UF, NO_MUNICIPIO, TAM_TERRITORIO, COD_ESTADO ) VALUES ( 'BA', 'Canudos', '9874', 5 );
INSERT INTO	TB_MUNICIPIO ( SG_UF, NO_MUNICIPIO, TAM_TERRITORIO, COD_ESTADO ) VALUES ( 'BA', 'Capela do Alto Alegre', '9874', 5 );
INSERT INTO	TB_MUNICIPIO ( SG_UF, NO_MUNICIPIO, TAM_TERRITORIO, COD_ESTADO ) VALUES ( 'BA', 'Capim Grosso', '9874', 5 );
INSERT INTO	TB_MUNICIPIO ( SG_UF, NO_MUNICIPIO, TAM_TERRITORIO, COD_ESTADO ) VALUES ( 'BA', 'Carabas', '9874', 5 );
INSERT INTO	TB_MUNICIPIO ( SG_UF, NO_MUNICIPIO, TAM_TERRITORIO, COD_ESTADO ) VALUES ( 'BA', 'Caravelas', '9874', 5 );
INSERT INTO	TB_MUNICIPIO ( SG_UF, NO_MUNICIPIO, TAM_TERRITORIO, COD_ESTADO ) VALUES ( 'BA', 'Cardeal da Silva', '9874', 5 );
INSERT INTO	TB_MUNICIPIO ( SG_UF, NO_MUNICIPIO, TAM_TERRITORIO, COD_ESTADO ) VALUES ( 'BA', 'Carinhanha', '9874', 5 );
INSERT INTO	TB_MUNICIPIO ( SG_UF, NO_MUNICIPIO, TAM_TERRITORIO, COD_ESTADO ) VALUES ( 'BA', 'Casa Nova', '9874', 5 );
INSERT INTO	TB_MUNICIPIO ( SG_UF, NO_MUNICIPIO, TAM_TERRITORIO, COD_ESTADO ) VALUES ( 'BA', 'Castro Alves', '9874', 5 );
INSERT INTO	TB_MUNICIPIO ( SG_UF, NO_MUNICIPIO, TAM_TERRITORIO, COD_ESTADO ) VALUES ( 'BA', 'Catolndia', '9874', 5 );
INSERT INTO	TB_MUNICIPIO ( SG_UF, NO_MUNICIPIO, TAM_TERRITORIO, COD_ESTADO ) VALUES ( 'BA', 'Catu', '9874', 5 );
INSERT INTO	TB_MUNICIPIO ( SG_UF, NO_MUNICIPIO, TAM_TERRITORIO, COD_ESTADO ) VALUES ( 'BA', 'Caturama', '9874', 5 );
INSERT INTO	TB_MUNICIPIO ( SG_UF, NO_MUNICIPIO, TAM_TERRITORIO, COD_ESTADO ) VALUES ( 'BA', 'Central', '9874', 5 );
INSERT INTO	TB_MUNICIPIO ( SG_UF, NO_MUNICIPIO, TAM_TERRITORIO, COD_ESTADO ) VALUES ( 'BA', 'Chorroch', '9874', 5 );
INSERT INTO	TB_MUNICIPIO ( SG_UF, NO_MUNICIPIO, TAM_TERRITORIO, COD_ESTADO ) VALUES ( 'BA', 'Ccero Dantas', '9874', 5 );
INSERT INTO	TB_MUNICIPIO ( SG_UF, NO_MUNICIPIO, TAM_TERRITORIO, COD_ESTADO ) VALUES ( 'BA', 'Cip', '9874', 5 );
INSERT INTO	TB_MUNICIPIO ( SG_UF, NO_MUNICIPIO, TAM_TERRITORIO, COD_ESTADO ) VALUES ( 'BA', 'Coaraci', '9874', 5 );
INSERT INTO	TB_MUNICIPIO ( SG_UF, NO_MUNICIPIO, TAM_TERRITORIO, COD_ESTADO ) VALUES ( 'BA', 'Cocos', '9874', 5 );
INSERT INTO	TB_MUNICIPIO ( SG_UF, NO_MUNICIPIO, TAM_TERRITORIO, COD_ESTADO ) VALUES ( 'BA', 'Conceio da Feira', '9874', 5 );
INSERT INTO	TB_MUNICIPIO ( SG_UF, NO_MUNICIPIO, TAM_TERRITORIO, COD_ESTADO ) VALUES ( 'BA', 'Conceio do Almeida', '9874', 5 );
INSERT INTO	TB_MUNICIPIO ( SG_UF, NO_MUNICIPIO, TAM_TERRITORIO, COD_ESTADO ) VALUES ( 'BA', 'Conceio do Coit', '9874', 5 );
INSERT INTO	TB_MUNICIPIO ( SG_UF, NO_MUNICIPIO, TAM_TERRITORIO, COD_ESTADO ) VALUES ( 'BA', 'Conceio do Jacupe', '9874', 5 );
INSERT INTO	TB_MUNICIPIO ( SG_UF, NO_MUNICIPIO, TAM_TERRITORIO, COD_ESTADO ) VALUES ( 'BA', 'Conde', '9874', 5 );
INSERT INTO	TB_MUNICIPIO ( SG_UF, NO_MUNICIPIO, TAM_TERRITORIO, COD_ESTADO ) VALUES ( 'BA', 'Condeba', '9874', 5 );
INSERT INTO	TB_MUNICIPIO ( SG_UF, NO_MUNICIPIO, TAM_TERRITORIO, COD_ESTADO ) VALUES ( 'BA', 'Contendas do Sincor', '9874', 5 );
INSERT INTO	TB_MUNICIPIO ( SG_UF, NO_MUNICIPIO, TAM_TERRITORIO, COD_ESTADO ) VALUES ( 'BA', 'Corao de Maria', '9874', 5 );
INSERT INTO	TB_MUNICIPIO ( SG_UF, NO_MUNICIPIO, TAM_TERRITORIO, COD_ESTADO ) VALUES ( 'BA', 'Cordeiros', '9874', 5 );
INSERT INTO	TB_MUNICIPIO ( SG_UF, NO_MUNICIPIO, TAM_TERRITORIO, COD_ESTADO ) VALUES ( 'BA', 'Coribe', '9874', 5 );
INSERT INTO	TB_MUNICIPIO ( SG_UF, NO_MUNICIPIO, TAM_TERRITORIO, COD_ESTADO ) VALUES ( 'BA', 'Coronel Joo S', '9874', 5 );
INSERT INTO	TB_MUNICIPIO ( SG_UF, NO_MUNICIPIO, TAM_TERRITORIO, COD_ESTADO ) VALUES ( 'BA', 'Correntina', '9874', 5 );
INSERT INTO	TB_MUNICIPIO ( SG_UF, NO_MUNICIPIO, TAM_TERRITORIO, COD_ESTADO ) VALUES ( 'BA', 'Cotegipe', '9874', 5 );
INSERT INTO	TB_MUNICIPIO ( SG_UF, NO_MUNICIPIO, TAM_TERRITORIO, COD_ESTADO ) VALUES ( 'BA', 'Cravolndia', '9874', 5 );
INSERT INTO	TB_MUNICIPIO ( SG_UF, NO_MUNICIPIO, TAM_TERRITORIO, COD_ESTADO ) VALUES ( 'BA', 'Crispolis', '9874', 5 );
INSERT INTO	TB_MUNICIPIO ( SG_UF, NO_MUNICIPIO, TAM_TERRITORIO, COD_ESTADO ) VALUES ( 'BA', 'Cristpolis', '9874', 5 );
INSERT INTO	TB_MUNICIPIO ( SG_UF, NO_MUNICIPIO, TAM_TERRITORIO, COD_ESTADO ) VALUES ( 'BA', 'Cruz das Almas', '9874', 5 );
INSERT INTO	TB_MUNICIPIO ( SG_UF, NO_MUNICIPIO, TAM_TERRITORIO, COD_ESTADO ) VALUES ( 'BA', 'Cura', '9874', 5 );
INSERT INTO	TB_MUNICIPIO ( SG_UF, NO_MUNICIPIO, TAM_TERRITORIO, COD_ESTADO ) VALUES ( 'BA', 'Drio Meira', '9874', 5 );
INSERT INTO	TB_MUNICIPIO ( SG_UF, NO_MUNICIPIO, TAM_TERRITORIO, COD_ESTADO ) VALUES ( 'BA', 'Dias d vila', '9874', 5 );
INSERT INTO	TB_MUNICIPIO ( SG_UF, NO_MUNICIPIO, TAM_TERRITORIO, COD_ESTADO ) VALUES ( 'BA', 'Dom Baslio', '9874', 5 );
INSERT INTO	TB_MUNICIPIO ( SG_UF, NO_MUNICIPIO, TAM_TERRITORIO, COD_ESTADO ) VALUES ( 'BA', 'Dom Macedo Costa', '9874', 5 );
INSERT INTO	TB_MUNICIPIO ( SG_UF, NO_MUNICIPIO, TAM_TERRITORIO, COD_ESTADO ) VALUES ( 'BA', 'Elsio Medrado', '9874', 5 );
INSERT INTO	TB_MUNICIPIO ( SG_UF, NO_MUNICIPIO, TAM_TERRITORIO, COD_ESTADO ) VALUES ( 'BA', 'Encruzilhada', '9874', 5 );
INSERT INTO	TB_MUNICIPIO ( SG_UF, NO_MUNICIPIO, TAM_TERRITORIO, COD_ESTADO ) VALUES ( 'BA', 'Entre Rios', '9874', 5 );
INSERT INTO	TB_MUNICIPIO ( SG_UF, NO_MUNICIPIO, TAM_TERRITORIO, COD_ESTADO ) VALUES ( 'BA', 'rico Cardoso', '9874', 5 );
INSERT INTO	TB_MUNICIPIO ( SG_UF, NO_MUNICIPIO, TAM_TERRITORIO, COD_ESTADO ) VALUES ( 'BA', 'Esplanada', '9874', 5 );
INSERT INTO	TB_MUNICIPIO ( SG_UF, NO_MUNICIPIO, TAM_TERRITORIO, COD_ESTADO ) VALUES ( 'BA', 'Euclides da Cunha', '9874', 5 );
INSERT INTO	TB_MUNICIPIO ( SG_UF, NO_MUNICIPIO, TAM_TERRITORIO, COD_ESTADO ) VALUES ( 'BA', 'Eunpolis', '9874', 5 );
INSERT INTO	TB_MUNICIPIO ( SG_UF, NO_MUNICIPIO, TAM_TERRITORIO, COD_ESTADO ) VALUES ( 'BA', 'Ftima', '9874', 5 );
INSERT INTO	TB_MUNICIPIO ( SG_UF, NO_MUNICIPIO, TAM_TERRITORIO, COD_ESTADO ) VALUES ( 'BA', 'Feira da Mata', '9874', 5 );
INSERT INTO	TB_MUNICIPIO ( SG_UF, NO_MUNICIPIO, TAM_TERRITORIO, COD_ESTADO ) VALUES ( 'BA', 'Feira de Santana', '9874', 5 );
INSERT INTO	TB_MUNICIPIO ( SG_UF, NO_MUNICIPIO, TAM_TERRITORIO, COD_ESTADO ) VALUES ( 'BA', 'Filadlfia', '9874', 5 );
INSERT INTO	TB_MUNICIPIO ( SG_UF, NO_MUNICIPIO, TAM_TERRITORIO, COD_ESTADO ) VALUES ( 'BA', 'Firmino Alves', '9874', 5 );
INSERT INTO	TB_MUNICIPIO ( SG_UF, NO_MUNICIPIO, TAM_TERRITORIO, COD_ESTADO ) VALUES ( 'BA', 'Floresta Azul', '9874', 5 );
INSERT INTO	TB_MUNICIPIO ( SG_UF, NO_MUNICIPIO, TAM_TERRITORIO, COD_ESTADO ) VALUES ( 'BA', 'Formosa do Rio Preto', '9874', 5 );
INSERT INTO	TB_MUNICIPIO ( SG_UF, NO_MUNICIPIO, TAM_TERRITORIO, COD_ESTADO ) VALUES ( 'BA', 'Gandu', '9874', 5 );
INSERT INTO	TB_MUNICIPIO ( SG_UF, NO_MUNICIPIO, TAM_TERRITORIO, COD_ESTADO ) VALUES ( 'BA', 'Gavio', '9874', 5 );
INSERT INTO	TB_MUNICIPIO ( SG_UF, NO_MUNICIPIO, TAM_TERRITORIO, COD_ESTADO ) VALUES ( 'BA', 'Gentio do Ouro', '9874', 5 );
INSERT INTO	TB_MUNICIPIO ( SG_UF, NO_MUNICIPIO, TAM_TERRITORIO, COD_ESTADO ) VALUES ( 'BA', 'Glria', '9874', 5 );
INSERT INTO	TB_MUNICIPIO ( SG_UF, NO_MUNICIPIO, TAM_TERRITORIO, COD_ESTADO ) VALUES ( 'BA', 'Gongogi', '9874', 5 );
INSERT INTO	TB_MUNICIPIO ( SG_UF, NO_MUNICIPIO, TAM_TERRITORIO, COD_ESTADO ) VALUES ( 'BA', 'Governador Mangabeira', '9874', 5 );
INSERT INTO	TB_MUNICIPIO ( SG_UF, NO_MUNICIPIO, TAM_TERRITORIO, COD_ESTADO ) VALUES ( 'BA', 'Guajeru', '9874', 5 );
INSERT INTO	TB_MUNICIPIO ( SG_UF, NO_MUNICIPIO, TAM_TERRITORIO, COD_ESTADO ) VALUES ( 'BA', 'Guanambi', '9874', 5 );
INSERT INTO	TB_MUNICIPIO ( SG_UF, NO_MUNICIPIO, TAM_TERRITORIO, COD_ESTADO ) VALUES ( 'BA', 'Guaratinga', '9874', 5 );
INSERT INTO	TB_MUNICIPIO ( SG_UF, NO_MUNICIPIO, TAM_TERRITORIO, COD_ESTADO ) VALUES ( 'BA', 'Helipolis', '9874', 5 );
INSERT INTO	TB_MUNICIPIO ( SG_UF, NO_MUNICIPIO, TAM_TERRITORIO, COD_ESTADO ) VALUES ( 'BA', 'Iau', '9874', 5 );
INSERT INTO	TB_MUNICIPIO ( SG_UF, NO_MUNICIPIO, TAM_TERRITORIO, COD_ESTADO ) VALUES ( 'BA', 'Ibiassuc', '9874', 5 );
INSERT INTO	TB_MUNICIPIO ( SG_UF, NO_MUNICIPIO, TAM_TERRITORIO, COD_ESTADO ) VALUES ( 'BA', 'Ibicara', '9874', 5 );
INSERT INTO	TB_MUNICIPIO ( SG_UF, NO_MUNICIPIO, TAM_TERRITORIO, COD_ESTADO ) VALUES ( 'BA', 'Ibicoara', '9874', 5 );
INSERT INTO	TB_MUNICIPIO ( SG_UF, NO_MUNICIPIO, TAM_TERRITORIO, COD_ESTADO ) VALUES ( 'BA', 'Ibicu', '9874', 5 );
INSERT INTO	TB_MUNICIPIO ( SG_UF, NO_MUNICIPIO, TAM_TERRITORIO, COD_ESTADO ) VALUES ( 'BA', 'Ibipeba', '9874', 5 );
INSERT INTO	TB_MUNICIPIO ( SG_UF, NO_MUNICIPIO, TAM_TERRITORIO, COD_ESTADO ) VALUES ( 'BA', 'Ibipitanga', '9874', 5 );
INSERT INTO	TB_MUNICIPIO ( SG_UF, NO_MUNICIPIO, TAM_TERRITORIO, COD_ESTADO ) VALUES ( 'BA', 'Ibiquera', '9874', 5 );
INSERT INTO	TB_MUNICIPIO ( SG_UF, NO_MUNICIPIO, TAM_TERRITORIO, COD_ESTADO ) VALUES ( 'BA', 'Ibirapitanga', '9874', 5 );
INSERT INTO	TB_MUNICIPIO ( SG_UF, NO_MUNICIPIO, TAM_TERRITORIO, COD_ESTADO ) VALUES ( 'BA', 'Ibirapu', '9874', 5 );
INSERT INTO	TB_MUNICIPIO ( SG_UF, NO_MUNICIPIO, TAM_TERRITORIO, COD_ESTADO ) VALUES ( 'BA', 'Ibirataia', '9874', 5 );
INSERT INTO	TB_MUNICIPIO ( SG_UF, NO_MUNICIPIO, TAM_TERRITORIO, COD_ESTADO ) VALUES ( 'BA', 'Ibitiara', '9874', 5 );
INSERT INTO	TB_MUNICIPIO ( SG_UF, NO_MUNICIPIO, TAM_TERRITORIO, COD_ESTADO ) VALUES ( 'BA', 'Ibitit', '9874', 5 );
INSERT INTO	TB_MUNICIPIO ( SG_UF, NO_MUNICIPIO, TAM_TERRITORIO, COD_ESTADO ) VALUES ( 'BA', 'Ibotirama', '9874', 5 );
INSERT INTO	TB_MUNICIPIO ( SG_UF, NO_MUNICIPIO, TAM_TERRITORIO, COD_ESTADO ) VALUES ( 'BA', 'Ichu', '9874', 5 );
INSERT INTO	TB_MUNICIPIO ( SG_UF, NO_MUNICIPIO, TAM_TERRITORIO, COD_ESTADO ) VALUES ( 'BA', 'Igapor', '9874', 5 );
INSERT INTO	TB_MUNICIPIO ( SG_UF, NO_MUNICIPIO, TAM_TERRITORIO, COD_ESTADO ) VALUES ( 'BA', 'Igrapina', '9874', 5 );
INSERT INTO	TB_MUNICIPIO ( SG_UF, NO_MUNICIPIO, TAM_TERRITORIO, COD_ESTADO ) VALUES ( 'BA', 'Igua', '9874', 5 );
INSERT INTO	TB_MUNICIPIO ( SG_UF, NO_MUNICIPIO, TAM_TERRITORIO, COD_ESTADO ) VALUES ( 'BA', 'Ilhus', '9874', 5 );
INSERT INTO	TB_MUNICIPIO ( SG_UF, NO_MUNICIPIO, TAM_TERRITORIO, COD_ESTADO ) VALUES ( 'BA', 'Inhambupe', '9874', 5 );
INSERT INTO	TB_MUNICIPIO ( SG_UF, NO_MUNICIPIO, TAM_TERRITORIO, COD_ESTADO ) VALUES ( 'BA', 'Ipecaet', '9874', 5 );
INSERT INTO	TB_MUNICIPIO ( SG_UF, NO_MUNICIPIO, TAM_TERRITORIO, COD_ESTADO ) VALUES ( 'BA', 'Ipia', '9874', 5 );
INSERT INTO	TB_MUNICIPIO ( SG_UF, NO_MUNICIPIO, TAM_TERRITORIO, COD_ESTADO ) VALUES ( 'BA', 'Ipir', '9874', 5 );
INSERT INTO	TB_MUNICIPIO ( SG_UF, NO_MUNICIPIO, TAM_TERRITORIO, COD_ESTADO ) VALUES ( 'BA', 'Ipupiara', '9874', 5 );
INSERT INTO	TB_MUNICIPIO ( SG_UF, NO_MUNICIPIO, TAM_TERRITORIO, COD_ESTADO ) VALUES ( 'BA', 'Irajuba', '9874', 5 );
INSERT INTO	TB_MUNICIPIO ( SG_UF, NO_MUNICIPIO, TAM_TERRITORIO, COD_ESTADO ) VALUES ( 'BA', 'Iramaia', '9874', 5 );
INSERT INTO	TB_MUNICIPIO ( SG_UF, NO_MUNICIPIO, TAM_TERRITORIO, COD_ESTADO ) VALUES ( 'BA', 'Iraquara', '9874', 5 );
INSERT INTO	TB_MUNICIPIO ( SG_UF, NO_MUNICIPIO, TAM_TERRITORIO, COD_ESTADO ) VALUES ( 'BA', 'Irar', '9874', 5 );
INSERT INTO	TB_MUNICIPIO ( SG_UF, NO_MUNICIPIO, TAM_TERRITORIO, COD_ESTADO ) VALUES ( 'BA', 'Irec', '9874', 5 );
INSERT INTO	TB_MUNICIPIO ( SG_UF, NO_MUNICIPIO, TAM_TERRITORIO, COD_ESTADO ) VALUES ( 'BA', 'Itabela', '9874', 5 );
INSERT INTO	TB_MUNICIPIO ( SG_UF, NO_MUNICIPIO, TAM_TERRITORIO, COD_ESTADO ) VALUES ( 'BA', 'Itaberaba', '9874', 5 );
INSERT INTO	TB_MUNICIPIO ( SG_UF, NO_MUNICIPIO, TAM_TERRITORIO, COD_ESTADO ) VALUES ( 'BA', 'Itabuna', '9874', 5 );